,Date,Cloud coverage,Visibility,Temperature,Dew point,Relative humidity,Wind speed,Station pressure,Altimeter,Solar energy,Site Performance Estimate
0,2016-02-01,0.1,9.45,3.11,0.32,79.46,4.7,29.23,30.02,20256.0,19043
1,2016-02-02,0.8,3.94,6.99,6.22,93.6,13.29,28.91,29.7,1761.0,19170
2,2016-02-03,0.87,8.7,1.62,0.02,85.0,16.73,29.03,29.82,2775.0,19298
3,2016-02-04,0.37,10.0,-2.47,-5.89,74.52,9.46,29.46,30.26,28695.0,19425
4,2016-02-05,0.52,9.21,-2.0,-4.15,82.03,5.92,29.55,30.35,9517.0,19553
5,2016-02-06,0.13,8.12,0.91,-1.62,81.03,5.48,29.44,30.24,26973.0,19680
6,2016-02-07,0.21,10.0,4.24,0.54,73.8,12.71,29.09,29.88,22365.0,19808
7,2016-02-08,0.87,7.84,-3.33,-5.05,83.53,14.46,28.96,29.75,4995.0,19935
8,2016-02-09,1.0,6.01,-7.8,-10.39,78.34,17.27,29.1,29.89,6641.0,20063
9,2016-02-10,0.25,10.0,-9.72,-13.98,67.7,10.3,29.29,30.08,20758.0,20190
10,2016-02-11,0.34,10.0,-7.64,-13.73,60.36,3.85,29.48,30.28,30910.0,20317
11,2016-02-12,0.62,9.21,-5.78,-10.0,69.76,12.42,29.46,30.26,8105.0,20445
12,2016-02-13,0.08,10.0,-10.12,-17.77,52.32,7.44,29.73,30.54,30358.0,20572
13,2016-02-14,1.0,6.37,-7.29,-9.99,78.47,13.79,29.38,30.18,5814.0,20700
14,2016-02-15,0.94,3.86,-2.42,-2.68,94.02,6.43,29.09,29.88,7570.0,20804
15,2016-02-16,0.77,6.99,-1.29,-2.92,87.57,4.93,29.08,29.87,27097.0,20885
16,2016-02-17,0.82,8.1,0.1,-2.43,82.52,5.6,29.44,30.24,7571.0,20967
17,2016-02-18,0.42,7.96,3.44,0.32,78.58,15.08,29.41,30.21,19145.0,21048
18,2016-02-19,0.04,10.0,10.03,4.24,65.97,17.97,29.04,29.82,20459.0,21129
19,2016-02-20,0.04,10.0,10.54,2.92,56.86,10.75,29.15,29.94,30380.0,21211
20,2016-02-21,0.6,10.0,4.86,1.64,78.61,10.27,29.29,30.08,27170.0,21292
21,2016-02-22,0.3,10.0,3.02,-0.82,74.53,7.42,29.34,30.13,26656.0,21373
22,2016-02-23,0.07,10.0,3.85,-1.32,69.81,13.39,29.19,29.98,26058.0,21454
23,2016-02-24,1.0,4.44,0.98,-0.49,86.9,24.83,28.78,29.56,1468.0,21536
24,2016-02-25,0.88,9.7,1.29,-1.71,77.66,13.36,29.2,30.0,14633.0,21617
25,2016-02-26,0.56,10.0,-0.71,-3.64,76.76,8.22,29.22,30.24,16864.0,21698
26,2016-02-27,0.0,9.48,4.25,0.7,75.45,10.82,29.21,30.0,32570.0,21780
27,2016-02-28,0.28,9.99,10.59,5.47,63.23,21.01,26.93,29.69,25887.0,21861
28,2016-02-29,0.19,10.0,6.68,1.49,52.65,12.14,21.42,29.95,31868.0,21942
29,2016-03-01,0.8,9.38,1.19,-1.66,80.88,14.03,29.07,29.86,4046.0,22018
30,2016-03-02,0.49,9.53,-1.43,-7.64,62.9,7.69,29.35,30.14,30943.0,22094
31,2016-03-03,0.99,5.36,1.38,0.08,92.85,9.17,29.22,30.01,2916.0,22170
32,2016-03-04,0.41,9.97,1.05,-2.63,76.56,5.96,29.36,30.16,30271.0,22246
33,2016-03-05,1.0,7.42,3.88,1.3,80.86,9.46,29.34,30.14,9662.0,22322
34,2016-03-06,0.3,9.08,6.55,2.27,72.02,12.98,29.34,30.13,28622.0,22398
35,2016-03-07,0.75,9.81,11.55,7.68,76.49,11.57,29.14,29.93,8605.0,22474
36,2016-03-08,0.47,10.0,16.13,11.75,73.06,13.53,29.15,29.94,23194.0,22550
37,2016-03-09,0.92,8.32,16.23,13.82,83.36,10.22,29.15,29.94,7561.0,22626
38,2016-03-10,0.43,9.32,9.07,7.34,67.12,8.48,22.73,30.09,6044.0,22702
39,2016-03-11,0.0,8.94,8.02,5.16,80.66,7.09,29.5,30.3,26187.0,22778
40,2016-03-12,0.72,5.94,11.0,8.93,87.3,6.99,29.28,30.07,8354.0,22854
41,2016-03-13,1.0,5.84,14.04,13.66,96.34,7.19,28.95,29.74,6894.0,22930
42,2016-03-14,0.97,5.4,12.41,12.25,94.41,3.87,28.93,29.72,7270.0,23006
43,2016-03-15,0.56,7.16,15.69,12.9,82.21,13.93,28.83,29.62,29735.0,23082
44,2016-03-16,0.35,9.9,11.34,3.08,58.68,19.38,28.99,29.78,33236.0,23211
45,2016-03-17,0.29,10.0,9.18,-0.5,51.56,10.83,29.14,29.93,32029.0,23394
46,2016-03-18,0.44,10.0,6.33,-1.25,57.39,7.77,29.28,30.08,26080.0,23577
47,2016-03-19,0.88,9.99,5.12,0.29,69.64,7.42,29.34,30.13,13522.0,23760
48,2016-03-20,0.71,10.0,4.14,-2.25,62.66,10.41,29.37,30.16,22677.0,23942
49,2016-03-21,0.07,9.96,5.17,-1.98,60.84,9.22,29.34,30.13,34654.0,24125
50,2016-03-22,0.0,9.92,12.43,3.27,53.06,16.94,29.01,29.8,29736.0,24308
51,2016-03-23,0.57,10.0,15.66,10.13,68.05,16.45,28.96,29.75,18714.0,24490
52,2016-03-24,0.94,8.84,9.76,7.61,84.41,16.83,28.86,29.64,9741.0,24673
53,2016-03-25,0.63,10.0,3.07,-0.31,75.98,6.35,29.27,30.06,27801.0,24856
54,2016-03-26,0.04,9.33,8.02,2.83,69.63,8.22,29.31,30.1,36515.0,25039
55,2016-03-27,0.45,9.25,9.49,4.85,73.05,11.64,29.14,29.93,19152.0,25221
56,2016-03-28,0.59,10.0,7.33,3.34,74.72,9.01,29.31,30.12,26108.0,25404
57,2016-03-29,0.0,9.57,8.12,1.11,62.76,6.75,29.44,30.24,37038.0,25587
58,2016-03-30,0.66,9.0,11.05,7.77,73.72,14.46,27.17,29.83,6266.0,25769
59,2016-03-31,0.5,9.75,14.64,12.2,55.95,17.11,18.78,29.5,18860.0,25952
60,2016-04-01,0.77,9.85,7.09,4.12,79.55,11.52,29.0,29.79,19151.0,26141
61,2016-04-02,0.35,10.0,3.56,-3.32,61.2,20.08,29.06,29.85,31243.0,26329
62,2016-04-03,0.1,10.0,9.85,1.48,56.58,16.91,29.1,29.89,37546.0,26518
63,2016-04-04,0.73,10.0,4.81,-0.33,70.16,13.79,29.34,30.14,22913.0,26707
64,2016-04-05,0.13,10.0,4.53,-3.1,57.58,11.86,29.48,30.28,36095.0,26896
65,2016-04-06,0.8,8.41,8.93,5.4,78.5,15.18,28.88,29.66,3409.0,27084
66,2016-04-07,0.85,9.94,4.82,1.0,75.46,14.1,28.97,29.76,19602.0,27273
67,2016-04-08,0.82,9.57,3.62,0.26,78.27,16.09,29.11,29.9,13310.0,27462
68,2016-04-09,0.2,10.0,0.97,-6.31,58.68,9.55,29.4,30.19,39413.0,27650
69,2016-04-10,0.9,7.7,7.61,4.9,82.5,13.58,29.09,29.88,3764.0,27839
70,2016-04-11,0.36,7.95,8.01,3.45,70.64,11.3,28.62,29.98,21961.0,28028
71,2016-04-12,0.0,9.96,5.66,-2.0,57.98,6.92,28.64,30.31,38978.0,28217
72,2016-04-13,0.0,10.0,8.91,0.63,58.23,7.89,29.46,30.26,31883.0,28405
73,2016-04-14,0.0,10.0,12.2,1.77,52.9,10.41,29.39,30.19,26024.0,28594
74,2016-04-15,0.0,10.0,16.0,4.59,48.43,9.18,29.37,30.17,31522.0,28783
75,2016-04-16,0.13,9.99,18.57,7.21,48.57,5.85,29.45,30.26,32742.0,28803
76,2016-04-17,0.0,10.0,19.31,5.56,43.15,4.74,29.54,30.34,37976.0,28824
77,2016-04-18,0.01,9.8,19.81,6.43,43.02,4.07,29.46,30.26,34518.0,28845
78,2016-04-19,0.0,10.0,19.45,7.82,47.84,5.72,29.35,30.14,19283.0,28865
79,2016-04-20,0.76,9.31,16.2,11.64,74.05,9.9,29.23,30.02,14632.0,28886
80,2016-04-21,0.71,7.74,15.84,13.68,84.73,5.14,29.06,29.85,18199.0,28906
81,2016-04-22,0.46,8.69,12.68,9.57,81.25,9.9,29.21,30.01,34696.0,28927
82,2016-04-23,0.18,9.9,12.14,6.82,68.23,5.91,29.32,30.11,30854.0,28948
83,2016-04-24,0.22,7.5,17.17,10.37,65.19,10.07,29.15,29.94,35230.0,28968
84,2016-04-25,0.43,10.0,22.03,13.31,56.68,13.71,28.97,29.76,28496.0,28989
85,2016-04-26,0.4,9.24,18.02,13.0,72.13,10.83,28.99,29.79,11678.0,29010
86,2016-04-27,0.97,5.28,13.74,11.61,87.52,14.72,28.98,29.78,6866.0,29030
87,2016-04-28,0.8,7.48,14.74,12.28,85.99,5.99,29.07,29.86,14840.0,29051
88,2016-04-29,0.57,6.4,11.46,8.9,79.15,6.66,27.32,30.06,17818.0,29071
89,2016-04-30,0.86,3.06,12.86,12.22,88.28,10.17,26.91,29.88,3219.0,29092
90,2016-05-01,0.97,4.35,13.41,12.31,93.86,7.49,29.13,29.92,15317.0,29112
91,2016-05-02,0.83,8.47,10.64,8.38,83.45,8.42,29.22,30.01,12265.0,29132
92,2016-05-03,0.63,9.99,13.18,6.65,63.51,8.77,29.12,29.91,27296.0,29152
93,2016-05-04,0.86,9.9,11.38,6.78,72.07,12.78,28.98,29.77,22774.0,29172
94,2016-05-05,0.34,10.0,11.85,5.69,64.78,10.47,29.16,29.95,22714.0,29192
95,2016-05-06,0.13,9.99,17.07,6.8,51.52,8.27,29.15,29.94,32611.0,29212
96,2016-05-07,0.41,10.0,17.89,8.8,56.48,11.13,29.03,29.82,19299.0,29232
97,2016-05-08,0.72,9.47,13.56,9.28,75.49,5.86,29.15,29.94,13263.0,29252
98,2016-05-09,0.99,7.43,15.75,14.36,91.21,11.92,29.1,29.9,9646.0,29272
99,2016-05-10,0.8,9.08,18.43,16.83,87.44,9.72,29.09,29.88,15132.0,29291
100,2016-05-11,0.71,6.45,18.58,16.86,88.16,7.47,29.2,29.99,22130.0,29311
101,2016-05-12,0.47,9.32,16.98,14.02,79.39,11.28,29.2,29.99,11035.0,29331
102,2016-05-13,0.32,9.63,14.82,9.57,71.09,11.18,29.2,29.99,32097.0,29351
103,2016-05-14,0.81,10.0,7.85,2.86,68.83,15.83,29.25,30.04,22309.0,29371
104,2016-05-15,0.17,10.0,9.56,0.88,56.3,9.2,29.35,30.15,38508.0,29391
105,2016-05-16,0.44,9.96,12.65,4.45,56.57,7.6,29.38,30.18,25818.0,29433
106,2016-05-17,0.94,9.99,12.06,8.45,75.51,6.82,29.39,30.19,12923.0,29498
107,2016-05-18,0.39,10.0,13.68,5.56,57.1,6.56,29.39,30.19,28780.0,29562
108,2016-05-19,0.08,10.0,16.39,5.07,48.75,5.41,29.37,30.16,37157.0,29626
109,2016-05-20,0.54,9.96,15.87,7.05,53.57,8.71,29.3,30.09,12332.0,29691
110,2016-05-21,0.28,10.0,18.14,5.6,44.7,8.59,29.29,30.08,34548.0,29755
111,2016-05-22,0.04,10.0,20.3,6.04,41.79,7.88,29.26,30.05,34855.0,29819
112,2016-05-23,0.0,10.0,20.78,6.85,41.77,6.29,29.2,29.99,35004.0,29884
113,2016-05-24,0.17,10.0,22.71,11.86,49.43,10.08,29.22,30.01,33236.0,29948
114,2016-05-25,0.15,9.99,23.59,16.68,65.76,10.99,28.98,29.99,28642.0,30013
115,2016-05-26,0.44,9.11,22.0,19.44,82.73,9.44,29.15,29.94,19633.0,30077
116,2016-05-27,0.52,9.66,21.92,19.21,81.61,12.14,29.12,29.91,20148.0,30141
117,2016-05-28,0.35,10.0,23.19,19.29,76.5,14.17,29.17,29.96,22141.0,30206
118,2016-05-29,0.22,9.95,23.45,15.97,63.5,8.45,29.26,30.05,31871.0,30270
119,2016-05-30,0.13,9.94,23.42,14.0,55.22,4.21,27.1,30.02,28506.0,30334
120,2016-05-31,0.26,9.87,22.63,16.49,49.29,6.23,22.37,29.97,20576.0,30399
121,2016-06-01,0.63,9.67,22.27,19.43,80.97,3.32,29.17,29.96,18553.0,30465
122,2016-06-02,0.0,10.0,22.46,12.51,53.16,5.88,29.25,30.04,32663.0,30532
123,2016-06-03,0.14,10.0,22.53,11.63,48.44,3.01,29.25,30.04,28284.0,30598
124,2016-06-04,0.67,8.75,19.72,18.13,87.55,6.41,29.05,29.84,8273.0,30665
125,2016-06-05,0.35,10.0,20.79,15.21,68.98,11.61,28.96,29.75,28213.0,30731
126,2016-06-06,0.22,10.0,22.82,10.62,47.89,12.81,28.94,29.73,37255.0,30798
127,2016-06-07,0.23,10.0,18.7,9.25,53.13,10.72,29.07,29.86,35506.0,30864
128,2016-06-08,0.0,10.0,18.82,8.65,53.39,3.63,29.21,30.0,37020.0,30931
129,2016-06-09,0.25,10.0,23.32,13.73,53.59,7.75,29.21,30.0,29142.0,30997
130,2016-06-10,0.14,10.0,27.49,18.88,58.0,9.51,29.21,30.0,34062.0,31064
131,2016-06-11,0.21,10.0,27.68,19.41,59.4,9.76,29.22,30.01,32494.0,31130
132,2016-06-12,0.16,10.0,25.42,13.31,48.31,8.62,29.28,30.07,32316.0,31197
133,2016-06-13,0.14,10.0,25.03,14.03,49.83,4.36,28.76,29.97,33323.0,31263
134,2016-06-14,0.38,9.28,24.94,21.9,82.75,8.2,28.85,29.85,27921.0,31329
135,2016-06-15,0.28,8.83,26.82,22.67,78.98,7.97,29.0,29.79,32508.0,31396
136,2016-06-16,0.36,9.99,24.18,19.12,72.4,10.58,29.07,29.86,37113.0,31379
137,2016-06-17,0.06,9.58,23.09,14.66,58.31,9.56,29.24,30.03,36626.0,31363
138,2016-06-18,0.11,10.0,23.95,13.91,50.92,6.3,28.81,30.19,36122.0,31346
139,2016-06-19,0.26,9.9,25.87,20.08,67.81,5.28,29.41,30.21,31689.0,31330
140,2016-06-20,0.38,9.78,27.22,21.47,68.99,11.21,28.89,30.11,32434.0,31314
141,2016-06-21,0.08,9.98,23.59,16.83,63.57,7.89,29.22,30.01,37319.0,31297
142,2016-06-22,0.61,9.05,23.91,21.44,85.09,10.19,29.11,29.9,16855.0,31281
143,2016-06-23,0.21,10.0,26.17,20.99,71.54,9.11,29.09,29.88,34494.0,31264
144,2016-06-24,0.24,9.42,23.14,18.69,73.38,3.95,28.97,30.05,28709.0,31248
145,2016-06-25,0.12,9.89,26.23,21.73,74.77,6.1,29.28,30.07,35055.0,31231
146,2016-06-26,0.27,9.76,25.67,23.16,83.83,4.69,29.24,30.04,23801.0,31215
147,2016-06-27,0.01,9.77,24.97,17.94,64.13,7.94,29.28,30.08,35454.0,31198
148,2016-06-28,0.3,10.0,20.41,14.91,68.95,7.8,29.33,30.12,29679.0,31182
149,2016-06-29,0.0,10.0,18.3,11.0,60.47,4.15,27.31,30.12,38446.0,31165
150,2016-06-30,0.11,10.0,20.86,15.31,51.63,4.99,21.48,30.0,30098.0,31149
151,2016-07-01,0.43,9.72,20.87,15.36,70.19,8.27,29.27,30.06,34032.0,31133
152,2016-07-02,0.25,10.0,16.33,12.95,77.01,2.96,29.35,30.15,12168.0,31117
153,2016-07-03,0.98,6.79,17.26,16.68,94.6,7.21,29.23,30.03,5395.0,31101
154,2016-07-04,0.94,5.9,21.01,19.93,91.71,2.95,29.1,29.89,12426.0,31085
155,2016-07-05,0.67,8.11,24.41,21.02,80.38,4.66,28.76,29.92,29445.0,31069
156,2016-07-06,0.23,8.71,23.16,20.78,84.94,6.59,29.09,29.88,19052.0,31053
157,2016-07-07,0.41,7.99,23.29,21.43,86.75,7.39,29.05,29.85,24834.0,31037
158,2016-07-08,0.15,9.88,24.07,20.17,77.65,7.31,29.1,29.89,33872.0,31021
159,2016-07-09,0.18,10.0,21.79,17.39,73.93,6.12,29.25,30.04,34424.0,31005
160,2016-07-10,0.0,9.99,21.98,16.48,70.33,3.8,29.26,30.05,36918.0,30989
161,2016-07-11,0.16,9.86,24.81,20.48,77.18,8.5,29.19,29.98,32295.0,30973
162,2016-07-12,0.28,8.31,25.1,21.75,82.03,7.63,29.12,29.91,27092.0,30957
163,2016-07-13,0.48,7.88,23.55,21.33,88.41,7.83,29.13,29.92,19714.0,30941
164,2016-07-14,0.11,10.0,23.77,19.54,77.35,7.54,29.15,29.94,32485.0,30925
165,2016-07-15,0.12,9.99,22.2,18.46,76.93,7.57,29.24,30.03,36645.0,30909
166,2016-07-16,0.11,10.0,21.18,16.32,72.06,4.07,29.33,30.12,35804.0,30854
167,2016-07-17,0.13,9.7,23.6,21.59,86.81,8.76,29.28,30.07,22581.0,30760
168,2016-07-18,0.31,9.35,24.73,21.61,83.02,4.97,29.36,30.16,21662.0,30666
169,2016-07-19,0.56,7.25,25.22,22.24,81.77,2.87,29.41,30.22,24809.0,30572
170,2016-07-20,0.2,9.45,25.3,21.93,80.34,3.55,29.38,30.18,31376.0,30478
171,2016-07-21,0.18,7.88,27.35,25.02,85.41,7.0,29.28,30.09,25157.0,30384
172,2016-07-22,0.08,9.72,24.96,21.8,80.96,6.06,29.22,30.04,28907.0,30290
173,2016-07-23,0.09,8.58,26.49,23.86,82.93,3.54,29.18,29.99,28845.0,30196
174,2016-07-24,0.18,6.63,26.85,24.31,85.34,8.08,29.16,29.97,29696.0,30102
175,2016-07-25,0.25,9.53,24.26,21.9,83.18,4.92,29.2,30.01,20909.0,30008
176,2016-07-26,0.36,10.0,24.07,20.15,75.27,5.06,29.23,30.04,26875.0,29914
177,2016-07-27,0.06,9.58,23.84,20.51,79.06,3.86,29.18,29.99,31097.0,29820
178,2016-07-28,0.34,8.7,23.39,21.31,84.92,3.78,29.09,29.9,22214.0,29726
179,2016-07-29,0.44,7.53,22.54,20.48,84.53,4.97,29.11,29.92,27284.0,29632
180,2016-07-30,0.34,8.85,21.58,19.42,85.03,5.43,29.15,29.97,29089.0,29538
181,2016-07-31,0.15,8.6,22.56,19.64,72.03,4.45,26.72,30.03,24400.0,29444
182,2016-08-01,0.13,8.29,23.33,20.47,81.64,5.53,29.24,30.06,26117.0,29350
183,2016-08-02,0.22,9.36,23.8,21.13,80.3,2.83,29.26,30.07,24646.0,29256
184,2016-08-03,0.12,8.84,25.03,21.91,78.13,4.38,29.24,30.04,29016.0,29162
185,2016-08-04,0.09,9.28,25.34,22.05,76.96,2.73,29.17,29.97,26909.0,29068
186,2016-08-05,0.32,9.48,24.38,22.12,83.66,5.33,29.13,29.92,23463.0,28974
187,2016-08-06,0.18,10.0,22.34,18.14,70.91,6.53,29.19,29.99,29127.0,28880
188,2016-08-07,0.16,10.0,21.68,16.35,67.06,6.52,29.23,30.03,30312.0,28786
189,2016-08-08,0.15,10.0,23.14,19.45,75.03,4.26,29.21,30.0,27994.0,28692
190,2016-08-09,0.33,10.0,24.23,19.46,71.63,2.19,29.21,30.01,28753.0,28598
191,2016-08-10,0.13,9.11,25.55,21.78,75.2,3.01,29.27,30.07,30561.0,28504
192,2016-08-11,0.22,7.66,27.06,24.47,83.21,6.76,29.19,29.98,29647.0,28410
193,2016-08-12,0.37,8.64,26.44,24.66,87.58,7.4,29.06,29.86,21130.0,28316
194,2016-08-13,0.76,8.61,23.66,22.54,89.18,7.05,29.1,29.89,17072.0,28222
195,2016-08-14,0.22,9.69,21.74,20.89,89.16,2.89,29.27,30.06,13002.0,28128
196,2016-08-15,0.99,6.24,22.4,22.25,96.56,8.27,29.21,30.0,4072.0,28034
197,2016-08-16,0.61,8.15,23.92,22.35,89.11,5.29,29.28,30.08,22241.0,27932
198,2016-08-17,0.62,5.64,23.92,22.61,89.2,4.0,29.31,30.11,25074.0,27822
199,2016-08-18,0.33,7.88,24.29,21.86,85.56,5.53,29.26,30.05,27377.0,27711
200,2016-08-19,0.41,7.35,23.9,22.32,87.97,5.72,29.14,29.93,21707.0,27601
201,2016-08-20,0.52,8.58,22.71,21.05,88.31,9.25,28.96,29.74,20057.0,27490
202,2016-08-21,0.17,9.99,18.7,15.6,79.44,7.07,29.2,29.99,34230.0,27380
203,2016-08-22,0.14,10.0,19.19,15.52,76.36,2.32,29.38,30.18,34762.0,27270
204,2016-08-23,0.34,10.0,21.12,17.78,79.63,5.9,29.39,30.19,29378.0,27159
205,2016-08-24,0.5,8.89,24.99,22.86,87.79,8.12,29.23,30.03,18564.0,27049
206,2016-08-25,0.34,9.68,24.69,22.44,85.44,6.04,29.27,30.06,30676.0,26939
207,2016-08-26,0.47,8.62,23.86,22.17,87.7,4.18,29.32,30.11,23835.0,26828
208,2016-08-27,0.52,9.95,24.95,22.93,85.51,4.38,29.29,30.08,26148.0,26718
209,2016-08-28,0.23,9.67,25.35,22.98,84.55,2.93,29.37,30.17,26149.0,26607
210,2016-08-29,0.03,9.46,25.51,22.76,81.85,2.56,29.39,30.19,30348.0,26497
211,2016-08-30,0.09,8.05,24.04,22.74,82.17,3.8,27.3,30.11,22026.0,26387
212,2016-08-31,0.18,8.72,22.63,19.66,60.76,7.16,21.48,30.05,20706.0,26276
213,2016-09-01,0.18,10.0,19.25,14.45,71.82,10.72,29.35,30.14,31504.0,26162
214,2016-09-02,0.09,10.0,18.7,14.21,72.31,8.05,29.11,30.2,32931.0,26048
215,2016-09-03,0.13,10.0,19.37,14.81,73.32,5.84,29.38,30.17,30192.0,25934
216,2016-09-04,0.01,10.0,20.99,15.94,74.47,5.33,29.36,30.16,29865.0,25820
217,2016-09-05,0.36,9.99,25.07,21.48,80.36,6.41,29.32,30.12,27026.0,25706
218,2016-09-06,0.18,9.35,26.81,23.44,79.64,7.79,29.31,30.1,26341.0,25592
219,2016-09-07,0.27,9.98,27.21,23.63,78.08,8.52,29.24,30.03,25049.0,25478
220,2016-09-08,0.56,7.54,23.49,22.91,94.38,5.46,29.14,29.93,8637.0,25364
221,2016-09-09,0.93,4.91,21.76,21.25,95.18,4.04,29.14,29.93,8348.0,25250
222,2016-09-10,0.52,7.82,19.79,16.71,80.69,8.41,29.18,29.98,23804.0,25136
223,2016-09-11,0.03,10.0,17.69,12.2,70.28,2.26,29.38,30.18,33934.0,25023
224,2016-09-12,0.0,10.0,19.03,13.88,72.43,4.29,29.31,30.11,33640.0,24909
225,2016-09-13,0.21,10.0,22.17,17.82,75.97,3.8,29.3,30.09,26532.0,24795
226,2016-09-14,0.52,8.67,21.9,19.07,82.54,6.83,29.39,30.19,21074.0,24681
227,2016-09-15,0.39,8.27,22.23,18.57,79.96,5.66,29.36,30.15,22952.0,24567
228,2016-09-16,0.49,9.02,21.93,20.61,89.81,6.83,29.22,30.01,11245.0,24478
229,2016-09-17,0.5,8.53,22.14,18.5,78.92,5.4,29.17,29.96,26135.0,24388
230,2016-09-18,0.12,9.72,21.23,14.62,67.32,2.8,29.2,29.99,30307.0,24299
231,2016-09-19,0.0,10.0,21.45,14.17,65.31,4.0,29.27,30.06,33103.0,24210
232,2016-09-20,0.15,10.0,23.92,18.64,71.69,2.38,29.33,30.13,27701.0,24121
233,2016-09-21,0.07,8.99,23.42,17.66,70.67,3.11,29.35,30.14,28154.0,24032
234,2016-09-22,0.0,9.99,23.58,16.22,64.76,3.53,29.26,30.05,27424.0,23943
235,2016-09-23,0.01,8.89,24.35,18.86,72.04,4.28,29.27,30.07,28642.0,23854
236,2016-09-24,0.5,4.59,23.97,19.96,77.53,6.43,29.32,30.11,26180.0,23765
237,2016-09-25,0.36,7.85,23.81,19.08,75.68,6.79,29.24,30.03,21348.0,23676
238,2016-09-26,0.15,9.93,16.71,7.07,57.1,9.86,29.25,30.04,31228.0,23587
239,2016-09-27,0.02,9.96,16.69,5.27,49.15,8.93,29.07,29.86,33487.0,23498
240,2016-09-28,0.85,10.0,13.85,9.98,75.95,9.77,29.12,29.91,17006.0,23409
241,2016-09-29,0.72,9.8,16.51,14.18,79.55,10.69,27.58,30.11,17982.0,23319
242,2016-09-30,0.67,8.58,16.92,16.02,67.9,10.2,22.19,30.05,7162.0,23230
243,2016-10-01,0.88,7.56,16.6,14.98,89.52,4.07,29.21,30.0,16084.0,23144
244,2016-10-02,0.78,8.56,16.52,13.63,81.27,3.65,29.28,30.07,15527.0,23058
245,2016-10-03,0.78,9.04,17.13,13.18,78.51,2.23,29.29,30.08,16590.0,22972
246,2016-10-04,0.34,9.96,19.61,14.2,71.02,7.28,29.23,30.02,31462.0,22886
247,2016-10-05,0.35,9.99,21.43,16.52,72.37,8.47,29.21,30.0,22642.0,22799
248,2016-10-06,0.36,9.31,22.34,17.43,73.58,4.8,29.28,30.07,17674.0,22713
249,2016-10-07,0.13,9.8,15.77,11.19,70.88,9.41,29.33,30.13,22751.0,22627
250,2016-10-08,0.0,10.0,12.07,4.89,59.21,4.84,29.48,30.28,32386.0,22541
251,2016-10-09,0.01,10.0,14.83,7.39,60.75,4.94,29.51,30.31,29969.0,22455
252,2016-10-10,0.01,8.38,15.89,8.7,62.53,2.24,29.49,30.29,26312.0,22368
253,2016-10-11,0.21,8.23,17.74,9.86,61.76,6.51,29.37,30.16,23093.0,22282
254,2016-10-12,0.81,8.89,15.57,13.62,86.06,11.13,29.28,30.07,9905.0,22196
255,2016-10-13,0.19,9.8,9.42,4.41,69.4,3.95,29.49,30.29,32558.0,22110
256,2016-10-14,0.02,9.65,12.53,7.32,71.23,5.78,29.41,30.21,28965.0,22024
257,2016-10-15,0.63,7.49,18.98,16.25,83.52,10.66,29.25,30.04,11314.0,21938
258,2016-10-16,0.6,9.74,19.91,18.12,85.89,9.4,29.13,29.92,6014.0,21784
259,2016-10-17,0.19,9.96,23.64,18.25,70.21,17.18,28.92,29.7,26013.0,21564
260,2016-10-18,0.41,10.0,21.6,16.7,69.82,11.9,29.0,29.78,9249.0,21344
261,2016-10-19,0.58,9.48,15.53,12.06,75.97,6.59,28.98,30.06,8060.0,21123
262,2016-10-20,0.98,9.47,12.7,11.08,86.67,9.75,29.3,30.09,6859.0,20903
263,2016-10-21,0.4,10.0,7.73,3.42,70.28,8.89,29.06,30.15,19900.0,20683
264,2016-10-22,0.14,10.0,8.35,3.58,69.32,6.02,29.3,30.1,28926.0,20463
265,2016-10-23,0.03,9.75,14.45,9.02,65.98,10.22,29.23,30.03,27937.0,20242
266,2016-10-24,0.0,9.92,10.53,5.44,68.87,7.67,29.53,30.33,25668.0,20022
267,2016-10-25,0.59,9.92,10.12,5.08,72.95,8.19,29.56,30.36,11539.0,19802
268,2016-10-26,0.84,8.96,13.16,11.01,86.22,10.87,29.31,30.1,6363.0,19582
269,2016-10-27,0.99,9.87,9.51,7.8,86.46,7.68,29.42,30.22,4090.0,19361
270,2016-10-28,0.05,8.69,13.19,11.15,84.47,11.16,29.36,30.15,21889.0,19141
271,2016-10-29,0.08,10.0,20.67,15.55,70.42,13.79,29.19,29.98,20111.0,18921
272,2016-10-30,0.44,9.83,13.91,10.43,71.89,10.78,27.29,30.11,16663.0,18701
273,2016-10-31,0.01,10.0,13.13,10.67,61.18,8.86,21.8,30.04,18050.0,18480
274,2016-11-01,0.0,9.43,19.78,14.83,72.04,9.72,29.19,29.98,19233.0,18253
275,2016-11-02,0.57,9.44,18.99,16.1,83.53,6.43,29.32,30.12,10862.0,18025
276,2016-11-03,0.55,7.53,15.14,13.75,87.44,7.52,29.13,30.22,15279.0,17798
277,2016-11-04,0.01,9.5,10.45,7.05,76.75,4.44,29.31,30.4,26916.0,17570
278,2016-11-05,0.0,9.84,10.33,7.19,76.05,3.27,29.28,30.37,20675.0,17343
279,2016-11-06,0.01,9.68,11.14,7.08,74.67,2.61,29.54,30.34,25116.0,17115
280,2016-11-07,0.12,10.0,12.0,7.73,73.06,2.37,29.49,30.29,21845.0,16887
281,2016-11-08,0.68,8.59,11.38,10.11,88.28,6.55,29.42,30.22,2516.0,16660
282,2016-11-09,0.08,9.93,7.15,4.51,78.98,6.46,29.51,30.31,24367.0,16432
283,2016-11-10,0.0,10.0,8.53,4.67,72.21,11.0,29.35,30.14,25838.0,16205
284,2016-11-11,0.09,10.0,7.83,3.83,72.06,12.44,29.46,30.26,15219.0,15977
285,2016-11-12,0.01,9.88,3.87,0.07,74.03,2.29,29.6,30.4,25110.0,15750
286,2016-11-13,0.0,10.0,4.44,-0.22,68.02,6.12,29.39,30.18,25474.0,15522
287,2016-11-14,0.08,9.94,8.92,4.93,73.05,6.79,29.16,29.95,20376.0,15295
288,2016-11-15,0.09,7.75,7.68,5.8,82.52,5.45,29.12,29.91,22628.0,15068
289,2016-11-16,0.07,7.75,8.94,5.99,79.89,2.16,29.14,29.93,22240.0,15006
290,2016-11-17,0.01,9.77,15.07,9.66,70.57,11.86,29.07,29.86,17284.0,14945
291,2016-11-18,0.62,9.59,12.62,8.5,73.69,16.88,29.11,29.9,6834.0,14884
292,2016-11-19,0.67,10.0,1.68,-2.56,71.68,19.14,29.43,30.23,7811.0,14822
293,2016-11-20,0.0,10.0,-1.75,-5.53,73.12,5.93,29.52,30.32,24367.0,14761
294,2016-11-21,0.0,10.0,-0.25,-4.38,72.65,2.14,29.49,30.29,23094.0,14700
295,2016-11-22,0.39,9.66,4.0,-0.08,74.28,10.68,29.43,30.23,15725.0,14638
296,2016-11-23,0.99,4.25,6.62,6.27,94.99,10.39,29.2,29.99,1028.0,14577
297,2016-11-24,1.0,8.35,4.3,2.84,87.36,8.17,29.41,30.2,1689.0,14516
298,2016-11-25,0.99,8.34,4.41,2.44,84.55,5.96,29.54,30.34,4682.0,14455
299,2016-11-26,0.37,8.38,4.4,3.22,87.09,7.57,29.5,30.3,15544.0,14393
300,2016-11-27,0.76,5.17,3.87,3.14,91.84,12.1,29.2,29.99,4159.0,14332
301,2016-11-28,0.96,7.75,8.67,7.97,92.37,20.82,28.69,29.48,770.0,14271
302,2016-11-29,0.11,10.0,9.66,8.29,81.1,12.05,26.81,29.56,16258.0,14210
303,2016-11-30,0.21,9.88,3.18,0.92,59.55,10.32,21.27,29.69,13058.0,14148
304,2016-12-01,0.99,10.0,2.93,0.04,79.06,12.09,29.16,29.95,4527.0,14089
305,2016-12-02,1.0,9.92,3.4,1.01,81.99,7.95,29.43,30.22,4409.0,14030
306,2016-12-03,0.69,9.96,1.23,-1.4,80.07,5.95,29.53,30.33,8894.0,13970
307,2016-12-04,0.99,5.45,0.7,0.28,94.05,6.88,29.23,30.02,1347.0,13911
308,2016-12-05,0.61,8.67,1.33,0.68,93.75,7.8,29.2,29.99,2407.0,13852
309,2016-12-06,0.37,6.55,1.49,0.22,55.79,10.09,18.06,29.87,4263.0,13792
310,2016-12-07,0.18,9.96,-1.09,-4.71,21.89,10.85,8.59,30.16,13350.0,13733
311,2016-12-08,0.05,9.72,-5.7,-9.01,21.98,16.87,8.64,30.38,5835.0,13674
312,2016-12-09,0.08,9.81,-4.63,-8.23,22.22,8.9,8.84,30.54,7768.0,13615
313,2016-12-10,0.05,8.32,-3.68,-6.78,22.53,7.78,8.82,30.45,6329.0,13555
314,2016-12-11,0.07,7.2,0.93,-0.91,24.02,11.36,9.12,29.94,1066.0,13496
315,2016-12-12,0.11,9.28,-2.16,-4.05,22.91,9.59,8.82,30.07,12981.0,13437
316,2016-12-13,0.08,8.23,-5.83,-8.83,35.93,8.33,14.88,30.19,716.0,13377
317,2016-12-14,0.19,10.0,-9.61,-14.6,61.24,12.23,29.46,30.25,1214.0,13318
318,2016-12-15,0.21,10.0,-11.15,-17.61,56.81,9.36,29.63,30.43,15970.0,13259
319,2016-12-16,1.0,7.92,-5.72,-10.14,69.6,12.44,29.22,30.01,2762.0,13290
320,2016-12-17,1.0,5.2,-3.0,-3.69,92.2,7.45,28.94,29.73,1654.0,13411
321,2016-12-18,0.29,9.26,-13.87,-16.33,79.27,11.48,29.67,30.47,15359.0,13532
322,2016-12-19,0.0,9.98,-12.98,-15.76,75.02,5.28,29.87,30.67,16648.0,13653
323,2016-12-20,0.0,9.99,-5.33,-8.16,76.51,9.81,29.22,30.31,1602.0,13774
324,2016-12-21,0.0,9.99,-1.0,-3.18,80.41,8.24,29.3,30.09,13895.0,13895
325,2016-12-22,0.3,9.78,1.78,-0.23,83.18,8.23,29.51,30.31,14016.0,14016
326,2016-12-23,0.74,5.44,1.12,0.52,92.58,9.38,29.37,30.16,14137.0,14137
327,2016-12-24,0.99,4.35,3.37,2.59,93.07,4.87,29.41,30.21,14258.0,14258
328,2016-12-25,1.0,1.61,4.21,3.93,96.97,12.52,29.42,30.22,14379.0,14379
329,2016-12-26,0.66,9.11,8.49,6.51,83.46,13.93,28.94,30.02,14500.0,14500
330,2016-12-27,0.0,10.0,0.09,-2.71,79.03,9.65,29.39,30.18,14622.0,14622
331,2016-12-28,0.29,10.0,1.76,-0.59,82.14,9.05,29.19,29.98,14774.0,14743
332,2016-12-29,0.48,10.0,1.8,-2.1,73.82,17.94,29.18,29.97,17049.0,14864
333,2016-12-30,0.28,10.0,0.41,-4.06,65.08,15.25,27.21,30.01,16552.0,14985
334,2016-12-31,0.16,9.99,2.3,-2.72,51.9,12.88,23.06,29.79,15106.0,15106
335,2017-01-01,0.11,9.77,-0.61,-3.64,79.56,5.37,29.3,30.09,19450.0,15227
336,2017-01-02,1.0,3.15,5.05,4.43,95.96,7.53,29.18,29.97,2596.0,15348
337,2017-01-03,0.91,4.42,2.87,2.44,94.84,13.71,29.04,29.83,1553.0,15469
338,2017-01-04,0.29,9.87,-7.61,-11.7,70.17,16.02,29.3,30.09,18800.0,15590
339,2017-01-05,0.89,7.14,-10.95,-13.98,76.9,8.78,29.29,30.08,1115.0,15711
340,2017-01-06,0.27,9.36,-16.06,-18.72,72.7,5.2,29.5,30.3,3318.0,15832
341,2017-01-07,0.3,10.0,-12.89,-15.42,74.46,7.5,29.74,30.55,8325.0,15953
342,2017-01-08,0.27,10.0,-11.72,-15.36,70.44,7.52,29.83,30.63,15273.0,16074
343,2017-01-09,0.57,10.0,-2.08,-5.87,72.47,15.6,29.43,30.23,8816.0,16195
344,2017-01-10,0.79,9.5,4.89,3.07,86.72,22.92,28.95,29.74,1169.0,16316
345,2017-01-11,0.61,5.38,5.52,4.83,94.68,11.15,29.03,29.82,2869.0,16437
346,2017-01-12,0.79,7.34,-0.38,-1.5,88.45,10.75,28.47,30.15,3069.0,16558
347,2017-01-13,0.33,10.0,-2.75,-5.74,77.5,10.91,29.82,30.63,10681.0,16679
348,2017-01-14,0.95,5.09,-0.61,-1.37,92.61,4.77,29.67,30.47,2549.0,16800
349,2017-01-15,0.76,5.25,-0.02,-1.14,90.98,3.42,29.56,30.36,5795.0,16921
350,2017-01-16,1.0,1.15,5.2,4.86,97.85,8.25,29.28,30.08,2799.0,17053
351,2017-01-17,1.0,7.98,5.76,5.33,94.78,14.33,29.16,29.95,2592.0,17195
352,2017-01-18,0.72,7.05,2.56,1.85,92.58,8.92,29.34,30.13,7494.0,17338
353,2017-01-19,0.7,3.63,4.34,4.01,95.85,8.08,29.09,29.88,3127.0,17480
354,2017-01-20,1.0,5.29,8.43,8.3,96.88,6.41,28.85,29.63,3787.0,17623
355,2017-01-21,0.34,7.56,11.03,9.4,88.03,7.52,28.78,29.56,20879.0,17765
356,2017-01-22,0.81,4.9,6.4,5.91,94.84,11.04,28.8,29.58,13980.0,17908
357,2017-01-23,1.0,8.3,4.07,3.19,91.26,11.79,28.93,29.75,2447.0,18050
358,2017-01-24,0.8,8.93,3.83,2.35,86.81,6.19,28.48,29.53,3709.0,18192
359,2017-01-25,0.7,9.43,4.73,2.54,83.72,15.94,28.8,29.58,5446.0,18335
360,2017-01-26,0.99,8.64,0.18,-1.12,87.14,17.03,28.82,29.89,3341.0,18477
361,2017-01-27,0.84,9.95,-2.07,-4.21,81.01,13.35,28.88,29.94,2271.0,18620
362,2017-01-28,0.86,9.79,-0.89,-3.04,83.23,11.92,29.04,29.83,10091.0,18762
363,2017-01-29,1.0,9.25,-2.61,-5.74,77.0,10.01,29.09,29.88,2373.0,18905
364,2017-01-30,0.1,9.99,-2.87,-5.23,74.08,10.22,27.13,29.88,16065.0,19047
365,2017-01-31,0.62,10.0,3.8,0.79,61.12,14.23,23.04,29.84,11140.0,19190
366,2017-02-01,0.63,10.0,1.85,-2.06,73.03,10.09,28.75,30.12,13716.0,19347
367,2017-02-02,0.02,10.0,-4.81,-10.9,48.59,10.82,23.51,30.39,24585.0,19505
368,2017-02-03,0.07,10.0,-5.4,-12.07,21.25,7.93,8.61,30.47,25191.0,19663
369,2017-02-04,0.38,10.0,-2.88,-10.04,51.24,11.02,26.8,30.23,16241.0,19820
370,2017-02-05,0.0,10.0,1.59,-3.46,66.78,8.05,28.66,30.03,27558.0,19978
371,2017-02-06,0.64,3.9,4.03,3.44,93.94,7.4,29.07,29.86,4422.0,20136
372,2017-02-07,0.96,6.73,10.48,9.33,88.49,16.61,28.19,29.53,6383.0,20293
373,2017-02-08,0.85,7.04,-2.69,-4.01,87.17,10.67,29.15,29.94,1896.0,20451
374,2017-02-09,0.21,10.0,-10.26,-13.85,72.67,9.59,29.52,30.32,1773.0,20609
375,2017-02-10,0.09,9.92,1.37,-2.0,75.98,13.3,29.16,29.95,11702.0,20766
376,2017-02-11,0.39,8.8,10.55,8.56,84.93,7.39,29.05,29.84,20898.0,20924
377,2017-02-12,0.31,7.9,5.1,0.57,74.07,16.48,29.36,30.16,28664.0,21082
378,2017-02-13,0.1,10.0,2.0,-2.46,71.54,6.98,29.45,30.25,25261.0,21239
379,2017-02-14,0.04,10.0,4.7,0.49,71.97,11.03,29.08,29.87,25617.0,21397
380,2017-02-15,0.01,10.0,0.58,-5.01,65.88,10.87,29.12,29.91,31502.0,21454
381,2017-02-16,0.16,10.0,3.22,-2.63,65.49,8.46,29.07,29.86,21195.0,21512
382,2017-02-17,0.0,10.0,10.89,2.72,56.22,11.5,28.94,29.73,29973.0,21569
383,2017-02-18,0.07,9.3,11.35,5.64,66.61,10.29,29.0,29.79,22477.0,21627
384,2017-02-19,0.46,4.26,11.33,8.51,83.8,5.42,29.25,30.05,20726.0,21684
385,2017-02-20,0.36,6.41,13.82,9.97,78.74,11.5,29.26,30.06,21287.0,21742
386,2017-02-21,0.74,8.97,13.61,11.92,85.54,3.03,29.15,29.94,5489.0,21799
387,2017-02-22,0.46,6.27,13.96,11.95,84.09,8.72,28.99,29.78,21775.0,21857
388,2017-02-23,0.62,8.07,11.87,9.95,86.56,8.09,28.92,29.7,9243.0,21914
389,2017-02-24,0.54,9.96,12.55,9.57,79.69,18.77,28.75,29.54,13472.0,21971
390,2017-02-25,0.62,9.16,-1.9,-5.59,73.14,17.66,29.13,29.92,23598.0,22029
391,2017-02-26,0.22,10.0,1.07,-6.63,56.81,12.38,29.29,30.08,23588.0,22086
392,2017-02-27,0.48,10.0,7.75,2.19,66.75,8.36,27.29,30.11,23467.0,22144
393,2017-02-28,0.65,7.59,13.93,12.83,67.67,15.61,21.42,29.76,3416.0,22201
394,2017-03-01,0.89,9.3,6.8,4.53,82.93,21.18,28.99,29.77,5592.0,22253
395,2017-03-02,0.54,10.0,0.81,-3.2,73.19,12.66,29.49,30.29,27052.0,22305
396,2017-03-03,0.27,10.0,-0.98,-6.96,63.26,6.47,29.75,30.56,34579.0,22357
397,2017-03-04,0.22,10.0,5.02,-2.95,57.95,13.35,29.61,30.41,33340.0,22408
398,2017-03-05,0.64,10.0,9.78,3.73,66.54,15.8,29.4,30.19,18516.0,22460
399,2017-03-06,1.0,9.03,13.68,11.84,85.64,22.88,29.11,29.9,2679.0,22512
400,2017-03-07,0.39,9.65,9.21,4.19,69.53,15.99,29.15,29.94,31333.0,22564
401,2017-03-08,0.07,10.0,7.36,-1.41,54.19,13.35,29.35,30.14,34840.0,22616
402,2017-03-09,0.25,10.0,6.09,-3.05,55.29,10.88,29.31,30.11,28306.0,22668
403,2017-03-10,0.25,10.0,0.54,-12.22,39.23,13.09,29.56,30.36,34814.0,22720
404,2017-03-11,0.32,10.0,-1.93,-16.39,32.3,7.57,29.66,30.46,25592.0,22771
405,2017-03-12,0.25,10.0,-0.57,-11.5,44.01,4.0,29.57,30.37,31249.0,22823
406,2017-03-13,0.93,5.15,-1.89,-2.91,89.34,10.58,29.35,30.14,580.0,22875
407,2017-03-14,0.58,8.69,-5.27,-7.94,77.75,9.02,29.48,30.28,2941.0,22927
408,2017-03-15,0.05,10.0,-5.47,-9.99,67.52,9.14,29.58,30.38,22813.0,22979
409,2017-03-16,0.17,10.0,0.62,-5.62,63.11,6.79,29.49,30.29,35771.0,23095
410,2017-03-17,0.68,7.72,6.44,4.22,83.8,8.97,29.24,30.03,6146.0,23277
411,2017-03-18,0.92,10.0,3.34,0.5,77.33,12.02,29.42,30.22,8140.0,23459
412,2017-03-19,0.16,10.0,6.22,0.87,69.3,6.44,29.47,30.27,35855.0,23641
413,2017-03-20,0.76,8.64,11.48,7.66,79.77,11.69,29.2,29.99,21654.0,23823
414,2017-03-21,0.38,8.72,6.62,2.42,75.51,10.91,29.41,30.21,19671.0,24004
415,2017-03-22,0.1,10.0,1.34,-5.15,63.41,13.19,29.67,30.47,37680.0,24186
416,2017-03-23,0.57,10.0,5.17,-1.25,63.72,12.39,29.44,30.24,12225.0,24368
417,2017-03-24,0.32,10.0,17.82,11.78,67.52,15.09,29.21,30.0,31050.0,24550
418,2017-03-25,0.81,9.76,16.37,13.59,82.31,9.91,29.14,29.93,8155.0,24732
419,2017-03-26,0.93,9.41,13.49,11.8,87.02,10.91,29.09,29.88,13622.0,24913
420,2017-03-27,0.89,7.01,11.63,10.39,90.1,7.35,29.11,29.9,12651.0,25095
421,2017-03-28,1.0,9.92,8.83,5.55,80.54,10.85,29.29,30.09,25093.0,25277
422,2017-03-29,0.89,9.04,11.05,6.91,75.56,15.24,29.26,30.05,12814.0,25459
423,2017-03-30,0.86,7.88,12.72,11.76,86.78,10.51,26.91,29.61,7017.0,25640
424,2017-03-31,0.62,7.14,6.14,5.46,67.7,11.15,21.41,29.83,5601.0,25822
425,2017-04-01,0.22,9.34,8.14,4.02,73.76,5.95,29.29,30.19,34371.0,26010
426,2017-04-02,0.1,9.71,11.39,6.31,67.29,8.08,27.65,30.04,28304.0,26198
427,2017-04-03,0.92,9.44,14.09,12.01,82.24,11.2,28.02,29.51,8730.0,26386
428,2017-04-04,0.93,8.37,11.36,9.46,87.2,11.19,28.97,29.76,13194.0,26573
429,2017-04-05,1.0,8.38,8.04,7.15,92.91,17.46,28.85,29.64,8828.0,26761
430,2017-04-06,0.74,9.81,7.08,3.02,70.63,17.89,27.4,29.85,25844.0,26949
431,2017-04-07,0.0,10.0,6.91,-0.18,57.49,8.89,26.71,30.09,39197.0,27137
432,2017-04-08,0.0,10.0,11.84,3.89,59.48,12.23,29.2,29.99,37237.0,27325
433,2017-04-09,0.0,10.0,18.39,9.73,55.51,19.95,29.01,29.8,27589.0,27512
434,2017-04-10,0.38,9.95,18.22,13.86,73.16,14.68,29.12,29.91,11365.0,27700
435,2017-04-11,0.43,9.99,10.52,6.62,74.04,7.05,29.42,30.22,21140.0,27888
436,2017-04-12,0.0,9.8,11.92,4.7,62.68,3.68,29.54,30.34,36635.0,28076
437,2017-04-13,0.44,10.0,17.5,10.45,65.6,8.39,29.42,30.22,24473.0,28263
438,2017-04-14,0.5,9.78,19.03,13.21,71.58,8.63,29.34,30.14,26121.0,28451
439,2017-04-15,0.24,10.0,21.66,13.48,58.95,14.8,29.22,30.01,33003.0,28639
440,2017-04-16,0.45,9.83,16.96,13.72,77.71,10.81,29.23,30.02,11888.0,28659
441,2017-04-17,0.13,10.0,15.67,5.48,50.89,3.85,29.36,30.16,4010.0,28680
442,2017-04-18,0.16,10.0,17.82,9.72,58.99,10.61,29.3,30.09,28700.0,28700
443,2017-04-19,0.25,9.98,22.74,16.48,35.38,10.7,12.92,30.02,1277.0,28721
444,2017-04-20,0.37,10.0,19.68,13.59,48.13,16.24,22.26,29.93,8515.0,28741
445,2017-04-21,0.19,10.0,10.3,3.61,62.81,11.77,29.28,30.07,22074.0,28762
446,2017-04-22,0.0,10.0,10.73,1.33,53.48,15.11,29.31,30.11,31051.0,28783
447,2017-04-23,0.0,10.0,13.14,-1.3,37.86,9.4,29.27,30.06,39354.0,28803
448,2017-04-24,0.0,10.0,16.26,0.6,35.76,8.51,29.08,29.87,38564.0,28824
449,2017-04-25,0.0,10.0,19.72,10.48,55.03,12.6,28.86,29.65,35268.0,28844
450,2017-04-26,0.62,9.35,20.05,14.41,70.15,14.99,28.72,29.5,23390.0,28865
451,2017-04-27,0.88,9.73,9.73,7.83,84.58,13.22,28.9,29.69,11426.0,28885
452,2017-04-28,0.84,7.56,11.65,10.8,91.49,9.3,29.1,29.89,6314.0,28906
453,2017-04-29,0.86,5.62,12.29,11.67,87.81,14.82,27.09,29.61,4487.0,28926
454,2017-04-30,0.64,7.77,16.95,16.27,69.1,11.16,21.83,29.7,7081.0,28947
455,2017-05-01,0.9,9.79,10.72,7.54,77.26,19.58,28.78,29.56,14126.0,28967
456,2017-05-02,0.58,10.0,9.9,5.17,71.91,15.38,29.08,29.87,29112.0,28986
457,2017-05-03,0.62,9.85,8.46,5.85,80.11,5.9,29.32,30.11,10922.0,29006
458,2017-05-04,0.8,8.48,8.14,7.1,90.65,20.16,29.05,29.84,5180.0,29026
459,2017-05-05,0.12,10.0,10.78,5.44,70.45,15.34,28.98,29.77,39832.0,29046
460,2017-05-06,0.54,9.87,11.32,6.59,73.37,8.61,29.04,29.83,31074.0,29066
461,2017-05-07,0.01,10.0,11.08,1.68,54.07,6.06,29.23,30.02,40086.0,29086
462,2017-05-08,0.38,10.0,12.32,5.29,61.92,6.62,29.26,30.06,26564.0,29105
463,2017-05-09,0.38,9.1,17.5,13.26,79.29,9.75,29.1,29.9,32614.0,29125
464,2017-05-10,0.5,7.35,19.84,16.17,81.29,7.82,29.09,29.89,28754.0,29145
465,2017-05-11,0.79,7.92,14.76,12.84,87.31,8.67,29.13,29.92,1202.0,29165
466,2017-05-12,0.1,9.96,15.85,9.14,63.96,7.96,29.14,29.93,14457.0,29185
467,2017-05-13,0.02,10.0,18.86,9.56,54.33,6.52,29.12,29.91,38705.0,29205
468,2017-05-14,0.01,9.98,22.09,11.69,52.03,9.89,29.12,29.91,38677.0,29224
469,2017-05-15,0.0,10.0,23.0,13.92,58.22,6.75,29.14,29.93,37786.0,29244
470,2017-05-16,0.01,9.96,24.2,15.59,57.71,15.29,29.05,29.84,37100.0,29286
471,2017-05-17,0.29,9.05,24.88,16.34,58.07,21.09,28.95,29.74,27248.0,29350
472,2017-05-18,0.26,9.93,25.07,16.66,58.85,15.71,29.06,29.85,30629.0,29414
473,2017-05-19,0.96,8.12,12.31,10.91,91.11,13.5,29.23,30.03,14363.0,29478
474,2017-05-20,0.58,7.3,18.26,16.63,89.39,11.22,29.15,29.94,20861.0,29542
475,2017-05-21,0.74,10.0,15.04,11.31,76.33,11.5,29.22,30.01,26170.0,29606
476,2017-05-22,0.35,10.0,16.36,10.06,66.35,7.6,29.24,30.03,38775.0,29670
477,2017-05-23,0.91,9.66,16.6,13.44,79.58,5.01,28.97,29.76,16224.0,29734
478,2017-05-24,1.0,6.12,14.55,13.85,92.73,8.98,28.76,29.54,8324.0,29799
479,2017-05-25,0.67,8.21,15.05,13.02,86.61,9.58,28.89,29.67,19978.0,29863
480,2017-05-26,0.47,7.93,19.54,16.54,84.44,7.55,29.02,29.81,22488.0,29927
481,2017-05-27,0.57,6.83,19.41,17.68,87.86,5.37,29.07,29.86,23505.0,29991
482,2017-05-28,0.41,8.94,20.86,15.73,71.85,8.87,28.98,29.77,27236.0,30055
483,2017-05-29,0.22,10.0,21.37,9.73,49.07,11.02,29.1,29.89,34442.0,30119
484,2017-05-30,0.31,9.96,19.77,7.51,45.51,10.91,27.2,29.99,35074.0,30183
485,2017-05-31,0.07,10.0,19.4,7.34,41.7,9.02,21.47,30.02,40245.0,30247
486,2017-06-01,0.0,9.96,20.44,5.58,39.93,3.85,29.28,30.07,38827.0,30313
487,2017-06-02,0.0,10.0,22.84,7.8,40.76,2.47,29.28,30.07,38568.0,30379
488,2017-06-03,0.39,10.0,26.07,14.18,48.95,3.75,29.22,30.01,34298.0,30445
489,2017-06-04,0.2,10.0,26.32,18.6,61.1,8.67,29.07,29.86,32115.0,30511
490,2017-06-05,0.07,9.85,24.36,14.31,58.55,10.57,29.02,29.81,37906.0,30578
491,2017-06-06,0.01,10.0,19.47,7.78,48.19,13.37,29.2,29.99,40189.0,30644
492,2017-06-07,0.04,10.0,19.46,8.06,47.73,12.03,28.98,30.06,40181.0,30710
493,2017-06-08,0.0,10.0,20.98,7.97,43.6,3.33,29.18,29.97,39044.0,30776
494,2017-06-09,0.25,10.0,23.82,11.65,45.23,10.35,29.08,29.87,34267.0,30842
495,2017-06-10,0.0,10.0,24.92,12.87,46.24,13.06,29.13,29.92,38834.0,30908
496,2017-06-11,0.02,10.0,26.43,15.81,50.57,12.62,29.19,29.98,38147.0,30974
497,2017-06-12,0.13,10.0,28.17,19.35,57.68,9.13,29.19,29.98,35034.0,31041
498,2017-06-13,0.27,9.96,28.18,21.4,66.57,9.17,29.18,29.97,30293.0,31107
499,2017-06-14,0.29,9.89,26.6,21.03,71.38,10.89,29.12,29.92,29842.0,31173
500,2017-06-15,0.17,9.96,25.19,19.56,70.7,6.67,29.08,29.88,31239.0,31239
501,2017-06-16,0.19,10.0,25.27,19.32,68.2,5.97,29.04,29.83,20976.0,31223
502,2017-06-17,0.38,9.92,25.68,20.81,72.86,9.26,28.91,29.7,10268.0,31206
503,2017-06-18,0.42,10.0,23.05,17.81,72.26,10.31,28.95,29.74,10744.0,31190
504,2017-06-19,0.37,9.85,21.26,14.17,66.61,10.6,29.12,29.91,12760.0,31173
505,2017-06-20,0.26,9.98,22.0,14.64,66.67,7.72,28.9,29.97,11647.0,31157
506,2017-06-21,0.1,9.96,24.56,19.37,73.57,4.48,29.15,29.94,9427.0,31141
507,2017-06-22,0.69,9.1,25.16,22.15,80.29,11.25,29.06,29.85,8129.0,31124
508,2017-06-23,0.51,9.23,23.32,18.6,76.6,8.2,28.97,29.76,7070.0,31108
509,2017-06-24,0.18,10.0,19.11,11.29,62.18,10.34,29.25,30.04,12730.0,31091
510,2017-06-25,0.27,9.86,18.33,9.33,56.07,9.51,29.35,30.15,12936.0,31075
511,2017-06-26,0.29,9.84,16.25,10.36,68.43,8.86,29.34,30.13,9928.0,31059
512,2017-06-27,0.02,9.71,17.54,9.45,61.24,2.59,29.32,30.12,13460.0,31042
513,2017-06-28,0.07,10.0,22.4,15.02,63.03,11.89,29.18,29.97,10550.0,31026
514,2017-06-29,0.27,9.76,26.08,19.71,63.68,11.83,27.08,29.86,9970.0,31010
515,2017-06-30,0.4,9.02,24.24,21.48,62.39,6.48,21.37,29.86,7094.0,30993
516,2017-07-01,0.15,9.99,23.49,17.5,69.1,8.39,29.19,29.98,12116.0,30977
517,2017-07-02,0.13,10.0,24.08,17.46,66.14,4.98,28.99,30.07,12776.0,30961
518,2017-07-03,0.12,9.99,25.84,19.04,65.02,3.42,29.25,30.04,12268.0,30945
519,2017-07-04,0.15,9.39,24.76,21.08,78.89,3.32,29.27,30.06,10848.0,30930
520,2017-07-05,0.03,9.29,25.32,21.64,79.37,4.97,29.28,30.08,8418.0,30914
521,2017-07-06,0.22,9.93,25.91,21.64,76.46,3.59,29.2,30.0,10456.0,30898
522,2017-07-07,0.4,9.94,26.04,21.48,73.16,8.98,29.12,29.91,10177.0,30882
523,2017-07-08,0.15,10.0,22.02,15.95,68.01,5.67,29.24,30.03,36269.0,30866
524,2017-07-09,0.17,10.0,23.95,18.38,71.14,4.24,29.24,30.03,32666.0,30850
525,2017-07-10,0.46,9.96,25.73,21.4,74.44,10.38,29.08,29.87,21542.0,30834
526,2017-07-11,0.45,9.65,24.77,22.73,84.93,8.06,29.14,29.93,14309.0,30818
527,2017-07-12,0.16,9.98,27.18,23.86,78.67,8.17,29.17,29.96,29784.0,30803
528,2017-07-13,0.45,9.53,25.84,23.7,84.49,5.1,29.24,30.03,19288.0,30787
529,2017-07-14,0.14,10.0,22.45,18.1,74.67,8.26,29.33,30.12,38579.0,30771
530,2017-07-15,0.33,9.97,20.21,17.02,78.04,1.13,29.33,30.12,30399.0,30755
531,2017-07-16,0.35,9.36,23.2,19.63,77.85,6.24,29.21,30.0,31392.0,30700
532,2017-07-17,0.26,10.0,22.76,16.86,66.34,6.55,29.23,30.03,36389.0,30607
533,2017-07-18,0.0,10.0,23.89,17.87,66.09,2.77,29.29,30.08,37095.0,30513
534,2017-07-19,0.49,9.32,26.56,23.65,83.27,3.42,29.31,30.1,32352.0,30420
535,2017-07-20,0.22,9.24,27.04,24.55,84.46,5.27,29.22,30.01,25836.0,30326
536,2017-07-21,0.23,9.89,27.93,24.67,80.79,5.04,29.16,29.95,31601.0,30232
537,2017-07-22,0.47,9.75,26.21,23.76,86.21,5.86,29.05,29.84,22140.0,30139
538,2017-07-23,0.36,9.36,26.07,22.46,79.77,7.62,28.76,29.84,29748.0,30045
539,2017-07-24,0.35,9.61,22.03,18.63,79.26,8.11,29.22,30.01,26263.0,29952
540,2017-07-25,0.04,9.99,21.84,17.28,74.3,5.77,29.36,30.16,36790.0,29858
541,2017-07-26,0.27,9.41,24.57,21.81,83.62,5.09,29.26,30.05,28983.0,29765
542,2017-07-27,0.75,9.13,24.49,22.72,86.16,7.03,29.13,29.92,14737.0,29671
543,2017-07-28,0.41,9.93,22.19,18.38,74.74,11.4,29.15,29.94,25950.0,29577
544,2017-07-29,0.08,10.0,19.82,14.54,67.13,8.87,29.3,30.09,37640.0,29484
545,2017-07-30,0.11,10.0,21.75,15.27,61.27,4.53,27.36,30.18,35410.0,29390
546,2017-07-31,0.19,10.0,23.32,17.33,48.91,2.4,21.57,30.17,33291.0,29297
547,2017-08-01,0.21,9.91,22.79,19.13,75.74,2.24,29.29,30.08,21828.0,29203
548,2017-08-02,0.29,7.84,22.77,19.39,78.69,1.79,29.25,30.04,29194.0,29110
549,2017-08-03,0.39,9.09,23.11,20.29,81.88,6.58,29.17,29.96,27461.0,29016
550,2017-08-04,0.52,10.0,16.3,12.45,76.83,9.63,29.21,30.0,22924.0,28923
551,2017-08-05,0.08,10.0,18.88,14.51,72.34,3.61,29.29,30.08,29110.0,28829
552,2017-08-06,0.92,9.93,19.4,17.35,84.74,4.52,29.23,30.02,10605.0,28736
553,2017-08-07,0.53,10.0,20.23,16.72,76.18,5.15,29.26,30.05,21582.0,28642
554,2017-08-08,0.04,10.0,19.45,13.19,64.74,4.17,29.38,30.18,36183.0,28549
555,2017-08-09,0.05,10.0,20.32,14.24,66.18,2.43,29.38,30.18,35216.0,28455
556,2017-08-10,0.28,9.95,22.78,17.75,71.05,4.82,29.28,30.08,31449.0,28362
557,2017-08-11,0.43,9.88,21.56,18.12,77.96,6.29,29.22,30.01,27643.0,28268
558,2017-08-12,0.21,10.0,19.41,14.59,69.85,6.87,29.27,30.06,35501.0,28175
559,2017-08-13,0.08,9.91,19.74,14.39,67.55,2.74,29.24,30.03,33738.0,28081
560,2017-08-14,0.49,9.98,22.87,17.66,69.39,2.89,29.1,29.89,29671.0,27988
561,2017-08-15,0.37,9.03,24.22,20.79,77.55,3.39,29.13,29.92,31368.0,27894
562,2017-08-16,0.36,9.01,24.35,22.6,85.56,6.37,29.16,29.95,10910.0,27792
563,2017-08-17,0.48,9.91,24.1,20.82,79.2,8.47,29.05,29.84,25669.0,27683
564,2017-08-18,0.17,9.9,22.91,18.13,72.66,7.31,29.11,29.9,32503.0,27573
565,2017-08-19,0.16,9.94,23.02,18.6,73.06,3.01,29.17,29.96,25978.0,27463
566,2017-08-20,0.17,9.98,24.96,21.14,77.63,3.77,29.24,30.03,16347.0,27353
567,2017-08-21,0.15,8.89,25.08,22.28,82.52,5.86,29.26,30.06,19316.0,27243
568,2017-08-22,0.54,9.32,21.38,18.68,82.38,8.13,29.18,29.97,23102.0,27133
569,2017-08-23,0.08,10.0,18.39,12.71,68.07,6.63,29.27,30.06,33758.0,27024
570,2017-08-24,0.11,9.84,18.71,13.33,68.78,6.13,29.31,30.1,32084.0,26914
571,2017-08-25,0.0,9.85,18.0,11.74,67.37,6.5,29.42,30.22,32186.0,26804
572,2017-08-26,0.05,9.37,19.59,13.51,68.08,5.45,29.42,30.22,32036.0,26694
573,2017-08-27,0.37,10.0,20.57,15.38,71.33,3.68,29.3,30.1,29241.0,26584
574,2017-08-28,0.66,9.15,20.1,17.34,83.54,4.35,29.23,30.02,24982.0,26475
575,2017-08-29,0.27,9.47,20.25,17.5,80.43,3.76,29.24,30.03,28299.0,26365
576,2017-08-30,0.13,8.61,20.32,16.95,73.01,4.58,27.27,30.07,29873.0,26255
577,2017-08-31,0.19,9.75,19.82,16.91,59.11,10.56,21.55,30.09,23294.0,26145
578,2017-09-01,0.04,10.0,16.01,11.71,72.85,12.24,29.3,30.09,30971.0,26032
579,2017-09-02,0.21,10.0,16.05,10.22,64.58,6.39,29.24,30.03,36736.0,25918
580,2017-09-03,0.12,10.0,20.09,14.74,67.78,3.32,29.23,30.02,32237.0,25805
581,2017-09-04,0.24,9.98,22.28,17.88,72.87,10.33,29.06,29.85,24948.0,25691
582,2017-09-05,0.35,10.0,16.57,9.88,63.17,11.42,29.15,29.94,33975.0,25578
583,2017-09-06,0.4,10.0,12.98,8.46,69.07,8.29,28.38,30.03,27330.0,25465
584,2017-09-07,0.14,10.0,14.16,8.74,66.21,6.99,28.43,30.09,29592.0,25351
585,2017-09-08,0.13,10.0,17.48,10.21,63.55,4.39,29.41,30.21,33204.0,25238
586,2017-09-09,0.07,10.0,17.81,12.03,69.91,8.79,29.54,30.34,34158.0,25124
587,2017-09-10,0.0,10.0,16.2,8.95,64.23,6.7,29.56,30.36,35197.0,25011
588,2017-09-11,0.0,10.0,16.32,10.51,66.08,7.45,29.39,30.19,29472.0,24897
589,2017-09-12,0.22,10.0,19.17,12.45,65.86,10.47,29.11,29.9,23176.0,24784
590,2017-09-13,0.99,9.19,18.63,16.76,86.72,3.61,28.98,29.77,9515.0,24671
591,2017-09-14,0.44,8.32,20.15,16.77,79.65,2.33,29.12,29.91,25236.0,24557
592,2017-09-15,0.09,9.13,22.33,16.68,71.49,5.17,29.23,30.02,30593.0,24444
593,2017-09-16,0.13,9.24,23.43,17.28,68.69,4.11,29.29,30.08,26555.0,24355
594,2017-09-17,0.52,9.45,23.16,18.64,74.33,4.85,29.29,30.08,23697.0,24267
595,2017-09-18,0.68,9.0,23.44,19.57,79.54,5.13,29.23,30.02,21443.0,24178
596,2017-09-19,0.51,9.54,21.65,19.6,86.48,1.03,29.14,29.94,16174.0,24089
597,2017-09-20,0.04,8.73,25.47,20.47,75.71,6.48,29.14,29.93,27582.0,24001
598,2017-09-21,0.07,9.08,26.66,21.71,73.76,3.6,29.23,30.02,24996.0,23912
599,2017-09-22,0.2,9.91,25.98,20.1,69.64,2.84,29.27,30.07,22893.0,23823
600,2017-09-23,0.1,9.53,25.92,19.76,68.6,2.17,29.28,30.07,28183.0,23735
601,2017-09-24,0.04,9.91,24.79,17.09,62.09,3.08,29.26,30.05,29165.0,23646
602,2017-09-25,0.13,9.96,24.72,16.48,59.98,2.29,29.2,29.99,24911.0,23557
603,2017-09-26,0.15,10.0,25.25,17.74,63.78,5.07,29.18,29.97,26371.0,23469
604,2017-09-27,0.14,10.0,19.49,12.95,65.85,9.74,29.3,30.09,21979.0,23380
605,2017-09-28,0.09,9.96,15.38,9.59,66.0,4.78,29.38,30.17,32424.0,23292
606,2017-09-29,0.02,10.0,16.26,8.04,58.57,7.21,27.39,30.22,31786.0,23203
607,2017-09-30,0.0,10.0,14.03,6.12,49.89,5.98,21.68,30.35,32979.0,23114
608,2017-10-01,0.08,10.0,15.95,6.52,56.33,7.78,29.38,30.18,29982.0,23029
609,2017-10-02,0.38,10.0,21.77,11.54,55.07,8.83,29.38,30.18,23899.0,22943
610,2017-10-03,0.72,9.94,21.27,18.34,82.43,9.9,29.51,30.31,10099.0,22857
611,2017-10-04,0.92,9.86,21.53,19.71,86.57,6.08,29.49,30.29,7416.0,22771
612,2017-10-05,0.89,8.04,19.56,18.59,90.18,4.45,29.35,30.15,7536.0,22686
613,2017-10-06,0.95,8.1,20.76,19.44,92.61,6.08,29.17,29.96,5239.0,22600
614,2017-10-07,0.39,9.7,20.9,16.36,77.64,15.08,28.92,29.71,19562.0,22514
615,2017-10-08,0.43,8.66,18.6,13.18,74.32,5.34,29.0,29.8,27449.0,22428
616,2017-10-09,0.36,8.14,20.69,16.22,79.43,2.37,29.13,29.92,23026.0,22342
617,2017-10-10,0.94,7.2,20.56,18.02,86.9,7.94,29.22,30.01,11687.0,22257
618,2017-10-11,1.0,4.38,15.03,14.61,97.65,9.02,29.25,30.05,3423.0,22171
619,2017-10-12,0.74,5.66,14.74,13.97,95.31,2.74,29.35,30.14,7357.0,22085
620,2017-10-13,0.35,8.43,17.31,13.19,79.02,6.49,29.34,30.13,27741.0,22000
621,2017-10-14,0.41,10.0,22.98,17.16,71.27,11.06,29.18,29.97,21437.0,21914
622,2017-10-15,0.94,9.6,14.37,10.22,76.66,15.05,29.29,30.08,9210.0,21828
623,2017-10-16,0.01,10.0,11.08,4.83,68.99,6.36,29.5,30.3,30306.0,21676
624,2017-10-17,0.01,10.0,12.91,5.38,63.66,8.98,29.45,30.25,30038.0,21456
625,2017-10-18,0.0,10.0,13.77,6.94,67.45,8.71,29.36,30.16,29589.0,21237
626,2017-10-19,0.0,9.79,16.63,11.0,72.13,2.58,29.36,30.16,27093.0,21018
627,2017-10-20,0.0,9.92,17.28,10.28,67.69,6.43,29.36,30.16,25673.0,20799
628,2017-10-21,0.17,10.0,18.73,13.06,70.62,10.42,29.29,30.08,14594.0,20580
629,2017-10-22,0.86,8.29,16.75,14.18,85.58,14.23,29.19,29.98,5244.0,20360
630,2017-10-23,0.92,8.92,11.9,10.99,93.82,11.41,28.98,29.77,3190.0,20141
631,2017-10-24,0.89,9.45,7.36,5.28,86.94,12.65,28.98,29.77,5427.0,19922
632,2017-10-25,0.23,10.0,5.87,2.89,82.33,5.56,29.04,29.83,13737.0,19703
633,2017-10-26,0.01,10.0,10.59,5.32,72.74,9.61,28.97,29.76,27465.0,19484
634,2017-10-27,0.89,10.0,5.79,0.04,67.37,13.62,29.08,29.87,15797.0,19264
635,2017-10-28,0.99,9.67,3.43,-0.11,77.87,9.67,29.15,29.94,6400.0,19045
636,2017-10-29,0.58,10.0,4.96,-0.9,67.58,5.53,29.07,29.86,8537.0,18826
